{"cameraMode":{"drawMode":0,"name":"Shaded","section":"Shading Mode"},"sceneLighting":false,"audioPlay":false,"sceneViewState":{"m_AlwaysRefresh":false,"showFog":true,"showSkybox":false,"showFlares":true,"showImageEffects":true,"showParticleSystems":true,"showVisualEffectGraphs":true,"m_FxEnabled":true},"in2DMode":false,"pivot":{"x":-0.0071659088134765629,"y":4.0342020988464359,"z":0.6158922910690308},"rotation":{"x":-0.11488926410675049,"y":-0.37668779492378237,"z":0.04713408648967743,"w":-0.9180065989494324},"size":6.652067184448242,"orthographic":false}